{"cameraMode":{"drawMode":0,"name":"Shaded","section":"Shading Mode"},"sceneLighting":true,"audioPlay":false,"sceneViewState":{"showFog":false,"showMaterialUpdate":false,"showSkybox":false,"showFlares":false,"showImageEffects":false,"showParticleSystems":true},"in2DMode":false,"pivot":{"x":-45.46329116821289,"y":6.999627113342285,"z":-21.06427001953125},"rotation":{"x":-0.1352124661207199,"y":0.5192384123802185,"z":-0.0835411548614502,"w":-0.8397652506828308},"size":68.47401428222656,"orthographic":false}